"goal","condition","diet_type","foods","avoid","hydration","meal_tip"
"strength building","wrist pain","anti inflammatory","protein smoothie and nuts","deep fried food","electrolyte hydration","consume healthy fats moderately"
"heart health","high blood pressure","high hydration","paneer and chapati","deep fried food","electrolyte hydration","include vegetables in every meal"
"endurance building","knee pain","high hydration","tofu and quinoa","processed snacks","4l water","reduce processed food intake"
"mobility improvement","obesity","anti inflammatory","oats and eggs","fast food","4l water","eat smaller meals frequently"
"heart health","elbow pain","high protein","chickpeas and salad","processed snacks","electrolyte hydration","maintain consistent meal timing"
"endurance building","hamstring strain","high fiber","sweet potato and fish","junk food","electrolyte hydration","track calorie intake"
"lean muscle","hip pain","diabetic friendly","avocado toast and eggs","processed snacks","3l water","eat slowly and mindfully"
"calorie burning","carpal tunnel syndrome","calorie surplus","millets and vegetables","high sodium food","3.5l water","increase protein intake"
"mobility improvement","shoulder pain","high hydration","avocado toast and eggs","sugary drinks","electrolyte hydration","maintain consistent meal timing"
"fat loss","shoulder pain","high fiber","sweet potato and fish","junk food","3.5l water","reduce processed food intake"
"strength building","lower back pain","balanced diet","paneer and chapati","high sodium food","3.5l water","eat slowly and mindfully"
"calorie burning","lower back pain","diabetic friendly","chickpeas and salad","alcohol","3l water","include vegetables in every meal"
"muscle gain","sciatica","balanced diet","salmon and vegetables","soft drinks","electrolyte hydration","avoid late night eating"
"fat loss","wrist pain","calorie deficit","banana and peanut butter","fast food","2.5l water","prefer home cooked meals"
"fat loss","obesity","balanced diet","chickpeas and salad","alcohol","3l water","prefer home cooked meals"
"heart health","arthritis","low carb","greek yogurt and berries","excess salt","3.5l water","eat smaller meals frequently"
"weight loss","sciatica","balanced diet","grilled chicken and broccoli","high sodium food","2.5l water","include vegetables in every meal"
"core stability","elbow pain","balanced diet","banana and peanut butter","deep fried food","3l water","consume healthy fats moderately"
"heart health","diabetes","high protein","chickpeas and salad","excess salt","electrolyte hydration","increase protein intake"
"endurance building","hamstring strain","balanced diet","sweet potato and fish","soft drinks","2.5l water","include vegetables in every meal"
"calorie burning","obesity","low carb","sweet potato and fish","fast food","4l water","eat slowly and mindfully"
"core stability","hamstring strain","high protein","greek yogurt and berries","soft drinks","4l water","track calorie intake"
"mobility improvement","obesity","high protein","protein smoothie and nuts","high sodium food","2.5l water","maintain consistent meal timing"
"weight loss","sciatica","high hydration","millets and vegetables","processed snacks","2.5l water","include vegetables in every meal"
"heart health","rotator cuff injury","high fiber","grilled chicken and broccoli","fast food","electrolyte hydration","increase protein intake"
"fat loss","wrist pain","anti inflammatory","avocado toast and eggs","soft drinks","4l water","prefer home cooked meals"
"core stability","sciatica","diabetic friendly","millets and vegetables","deep fried food","electrolyte hydration","prefer home cooked meals"
"weight loss","high blood pressure","calorie deficit","lentils and rice","excess salt","3l water","consume healthy fats moderately"
"lean muscle","neck stiffness","high hydration","chickpeas and salad","high sodium food","4l water","consume healthy fats moderately"
"muscle gain","sciatica","high protein","lentils and rice","fast food","3.5l water","eat smaller meals frequently"
"endurance building","osteoporosis","calorie deficit","sweet potato and fish","excess salt","2.5l water","maintain consistent meal timing"
"fat loss","shoulder pain","low carb","greek yogurt and berries","processed snacks","3l water","track calorie intake"
"weight loss","carpal tunnel syndrome","low sodium","salmon and vegetables","deep fried food","3.5l water","track calorie intake"
"core stability","neck stiffness","low sodium","greek yogurt and berries","junk food","3l water","prefer home cooked meals"
"calorie burning","plantar fasciitis","calorie surplus","paneer and chapati","sugary drinks","3.5l water","eat slowly and mindfully"
"lean muscle","obesity","diabetic friendly","paneer and chapati","sugary drinks","4l water","increase protein intake"
"strength building","wrist pain","calorie surplus","boiled eggs and spinach","excess salt","2.5l water","eat smaller meals frequently"
"core stability","shoulder pain","diabetic friendly","greek yogurt and berries","excess salt","4l water","maintain consistent meal timing"
"strength building","sciatica","calorie deficit","brown rice and chicken","fast food","electrolyte hydration","track calorie intake"
"calorie burning","knee pain","diabetic friendly","salmon and vegetables","soft drinks","electrolyte hydration","consume healthy fats moderately"
"fat loss","hamstring strain","high hydration","banana and peanut butter","fast food","3.5l water","eat smaller meals frequently"
"lean muscle","asthma","low sodium","brown rice and chicken","alcohol","2.5l water","track calorie intake"
"fat loss","diabetes","high hydration","boiled eggs and spinach","high sodium food","4l water","include vegetables in every meal"
"mobility improvement","asthma","diabetic friendly","paneer and chapati","alcohol","3.5l water","avoid late night eating"
"endurance building","wrist pain","anti inflammatory","lentils and rice","junk food","3.5l water","eat slowly and mindfully"
"strength building","shoulder pain","calorie deficit","oats and eggs","alcohol","3l water","include vegetables in every meal"
"calorie burning","high blood pressure","anti inflammatory","avocado toast and eggs","alcohol","3l water","eat smaller meals frequently"
"calorie burning","arthritis","high fiber","chickpeas and salad","deep fried food","3.5l water","eat smaller meals frequently"
"weight loss","osteoporosis","diabetic friendly","banana and peanut butter","sugary drinks","3.5l water","eat slowly and mindfully"
"lean muscle","ankle pain","high hydration","avocado toast and eggs","excess salt","4l water","prefer home cooked meals"
"heart health","rotator cuff injury","high fiber","millets and vegetables","excess salt","2.5l water","eat slowly and mindfully"
"core stability","sciatica","anti inflammatory","grilled chicken and broccoli","alcohol","4l water","increase protein intake"
"weight loss","high blood pressure","high fiber","brown rice and chicken","junk food","4l water","eat smaller meals frequently"
"core stability","sciatica","anti inflammatory","grilled chicken and broccoli","deep fried food","electrolyte hydration","maintain consistent meal timing"
"muscle gain","sciatica","calorie surplus","millets and vegetables","excess sugar","3l water","increase protein intake"
"core stability","knee pain","calorie surplus","oats and eggs","alcohol","3.5l water","reduce processed food intake"
"mobility improvement","plantar fasciitis","balanced diet","salmon and vegetables","high sodium food","3l water","avoid late night eating"
"core stability","hip pain","anti inflammatory","banana and peanut butter","fast food","2.5l water","increase protein intake"
"weight loss","high blood pressure","calorie deficit","protein smoothie and nuts","excess salt","2.5l water","eat slowly and mindfully"
"weight loss","lower back pain","high protein","tofu and quinoa","high sodium food","3.5l water","avoid late night eating"
"strength building","shoulder pain","low sodium","greek yogurt and berries","high sodium food","4l water","consume healthy fats moderately"
"endurance building","carpal tunnel syndrome","high hydration","banana and peanut butter","deep fried food","4l water","include vegetables in every meal"
"strength building","shin splints","diabetic friendly","banana and peanut butter","excess salt","3l water","eat slowly and mindfully"
"core stability","elbow pain","balanced diet","oats and eggs","fast food","4l water","eat slowly and mindfully"
"lean muscle","rotator cuff injury","high protein","lentils and rice","high sodium food","3l water","consume healthy fats moderately"
"strength building","lower back pain","anti inflammatory","paneer and chapati","excess sugar","4l water","eat slowly and mindfully"
"heart health","knee pain","low sodium","grilled chicken and broccoli","excess sugar","3l water","consume healthy fats moderately"
"strength building","arthritis","diabetic friendly","salmon and vegetables","high sodium food","4l water","maintain consistent meal timing"
"lean muscle","ankle pain","anti inflammatory","protein smoothie and nuts","excess salt","2.5l water","eat smaller meals frequently"
"muscle gain","shoulder pain","balanced diet","lentils and rice","processed snacks","3.5l water","include vegetables in every meal"
"calorie burning","plantar fasciitis","calorie surplus","sweet potato and fish","fast food","electrolyte hydration","maintain consistent meal timing"
"weight loss","osteoporosis","balanced diet","greek yogurt and berries","fast food","4l water","maintain consistent meal timing"
"strength building","wrist pain","low sodium","millets and vegetables","excess salt","3l water","eat slowly and mindfully"
"mobility improvement","diabetes","calorie deficit","grilled chicken and broccoli","excess sugar","2.5l water","reduce processed food intake"
"strength building","sciatica","low carb","paneer and chapati","deep fried food","3l water","reduce processed food intake"
"heart health","osteoporosis","calorie deficit","salmon and vegetables","sugary drinks","electrolyte hydration","include vegetables in every meal"
"endurance building","osteoporosis","high fiber","oats and eggs","alcohol","electrolyte hydration","include vegetables in every meal"
"mobility improvement","ankle pain","diabetic friendly","millets and vegetables","alcohol","3l water","prefer home cooked meals"
"mobility improvement","lower back pain","high protein","greek yogurt and berries","deep fried food","3l water","eat slowly and mindfully"
"strength building","hamstring strain","calorie deficit","lentils and rice","processed snacks","3.5l water","maintain consistent meal timing"
"fat loss","lower back pain","calorie surplus","tofu and quinoa","alcohol","2.5l water","increase protein intake"
"core stability","wrist pain","diabetic friendly","oats and eggs","deep fried food","electrolyte hydration","avoid late night eating"
"strength building","plantar fasciitis","high hydration","grilled chicken and broccoli","high sodium food","4l water","prefer home cooked meals"
"lean muscle","carpal tunnel syndrome","high protein","lentils and rice","excess salt","3.5l water","include vegetables in every meal"
"weight loss","diabetes","calorie surplus","grilled chicken and broccoli","excess sugar","2.5l water","include vegetables in every meal"
"lean muscle","osteoporosis","anti inflammatory","oats and eggs","excess sugar","2.5l water","prefer home cooked meals"
"core stability","plantar fasciitis","high hydration","greek yogurt and berries","fast food","electrolyte hydration","include vegetables in every meal"
"strength building","osteoporosis","low sodium","greek yogurt and berries","excess salt","4l water","eat smaller meals frequently"
"core stability","hip pain","high hydration","sweet potato and fish","high sodium food","2.5l water","prefer home cooked meals"
"lean muscle","obesity","balanced diet","paneer and chapati","alcohol","4l water","reduce processed food intake"
"fat loss","plantar fasciitis","high fiber","banana and peanut butter","excess sugar","4l water","consume healthy fats moderately"
"muscle gain","obesity","low carb","paneer and chapati","high sodium food","3.5l water","avoid late night eating"
"fat loss","carpal tunnel syndrome","high protein","grilled chicken and broccoli","sugary drinks","3.5l water","increase protein intake"
"muscle gain","lower back pain","calorie deficit","boiled eggs and spinach","excess sugar","electrolyte hydration","consume healthy fats moderately"
"strength building","rotator cuff injury","calorie deficit","grilled chicken and broccoli","sugary drinks","2.5l water","eat slowly and mindfully"
"lean muscle","lower back pain","high protein","chickpeas and salad","high sodium food","2.5l water","include vegetables in every meal"
"calorie burning","obesity","anti inflammatory","tofu and quinoa","high sodium food","2.5l water","avoid late night eating"
"core stability","shin splints","calorie surplus","brown rice and chicken","fast food","electrolyte hydration","prefer home cooked meals"
"calorie burning","rotator cuff injury","high hydration","banana and peanut butter","alcohol","2.5l water","increase protein intake"
"endurance building","shin splints","calorie deficit","avocado toast and eggs","excess salt","electrolyte hydration","reduce processed food intake"
"strength building","obesity","balanced diet","millets and vegetables","processed snacks","2.5l water","prefer home cooked meals"
"heart health","wrist pain","diabetic friendly","oats and eggs","alcohol","3l water","increase protein intake"
"strength building","hamstring strain","high hydration","brown rice and chicken","high sodium food","3.5l water","eat slowly and mindfully"
"strength building","ankle pain","anti inflammatory","brown rice and chicken","processed snacks","2.5l water","reduce processed food intake"
"lean muscle","osteoporosis","high hydration","grilled chicken and broccoli","fast food","3.5l water","increase protein intake"
"calorie burning","carpal tunnel syndrome","diabetic friendly","paneer and chapati","alcohol","2.5l water","avoid late night eating"
"core stability","plantar fasciitis","low sodium","tofu and quinoa","processed snacks","electrolyte hydration","include vegetables in every meal"
"fat loss","wrist pain","high hydration","boiled eggs and spinach","alcohol","4l water","prefer home cooked meals"
"muscle gain","knee pain","high hydration","grilled chicken and broccoli","soft drinks","2.5l water","eat slowly and mindfully"
"strength building","diabetes","low carb","boiled eggs and spinach","alcohol","2.5l water","eat slowly and mindfully"
"mobility improvement","knee pain","anti inflammatory","paneer and chapati","fast food","3.5l water","consume healthy fats moderately"
"mobility improvement","obesity","high hydration","paneer and chapati","junk food","4l water","include vegetables in every meal"
"weight loss","high blood pressure","calorie surplus","paneer and chapati","high sodium food","2.5l water","reduce processed food intake"
"core stability","neck stiffness","high fiber","lentils and rice","soft drinks","3.5l water","maintain consistent meal timing"
"lean muscle","neck stiffness","high hydration","avocado toast and eggs","soft drinks","3l water","reduce processed food intake"
"endurance building","arthritis","low carb","sweet potato and fish","high sodium food","4l water","eat slowly and mindfully"
"lean muscle","diabetes","balanced diet","oats and eggs","high sodium food","electrolyte hydration","consume healthy fats moderately"
"calorie burning","lower back pain","balanced diet","boiled eggs and spinach","high sodium food","3.5l water","avoid late night eating"
"core stability","shin splints","calorie surplus","grilled chicken and broccoli","excess salt","4l water","prefer home cooked meals"
"heart health","high blood pressure","high hydration","lentils and rice","excess sugar","3l water","avoid late night eating"
"strength building","plantar fasciitis","diabetic friendly","tofu and quinoa","processed snacks","3.5l water","track calorie intake"
"weight loss","shoulder pain","high protein","oats and eggs","junk food","electrolyte hydration","increase protein intake"
"muscle gain","wrist pain","anti inflammatory","sweet potato and fish","high sodium food","4l water","prefer home cooked meals"
"mobility improvement","shin splints","low carb","brown rice and chicken","sugary drinks","4l water","track calorie intake"
"core stability","rotator cuff injury","high protein","millets and vegetables","excess salt","electrolyte hydration","eat smaller meals frequently"
"mobility improvement","arthritis","high fiber","lentils and rice","high sodium food","3.5l water","track calorie intake"
"muscle gain","lower back pain","low carb","boiled eggs and spinach","high sodium food","4l water","avoid late night eating"
"weight loss","carpal tunnel syndrome","high fiber","avocado toast and eggs","soft drinks","2.5l water","eat slowly and mindfully"
"muscle gain","ankle pain","diabetic friendly","salmon and vegetables","deep fried food","2.5l water","eat slowly and mindfully"
"heart health","elbow pain","high fiber","banana and peanut butter","soft drinks","2.5l water","increase protein intake"
"calorie burning","plantar fasciitis","high fiber","oats and eggs","alcohol","2.5l water","include vegetables in every meal"
"core stability","lower back pain","low sodium","banana and peanut butter","sugary drinks","4l water","eat slowly and mindfully"
"strength building","arthritis","diabetic friendly","paneer and chapati","fast food","electrolyte hydration","increase protein intake"
"weight loss","rotator cuff injury","anti inflammatory","oats and eggs","excess sugar","3l water","reduce processed food intake"
"muscle gain","hip pain","high hydration","brown rice and chicken","high sodium food","2.5l water","eat slowly and mindfully"
"strength building","carpal tunnel syndrome","high protein","lentils and rice","alcohol","4l water","increase protein intake"
"fat loss","elbow pain","low carb","brown rice and chicken","excess sugar","4l water","avoid late night eating"
"core stability","knee pain","anti inflammatory","oats and eggs","fast food","3.5l water","include vegetables in every meal"
"core stability","ankle pain","diabetic friendly","protein smoothie and nuts","sugary drinks","electrolyte hydration","eat slowly and mindfully"
"calorie burning","elbow pain","high protein","banana and peanut butter","fast food","4l water","eat smaller meals frequently"
"mobility improvement","hamstring strain","high hydration","millets and vegetables","processed snacks","3l water","consume healthy fats moderately"
"endurance building","plantar fasciitis","high fiber","millets and vegetables","excess sugar","3l water","consume healthy fats moderately"
"fat loss","high blood pressure","diabetic friendly","avocado toast and eggs","fast food","3.5l water","maintain consistent meal timing"
"fat loss","ankle pain","high hydration","paneer and chapati","excess salt","4l water","increase protein intake"
"heart health","rotator cuff injury","calorie deficit","chickpeas and salad","sugary drinks","3.5l water","reduce processed food intake"
"calorie burning","shin splints","low carb","millets and vegetables","processed snacks","electrolyte hydration","consume healthy fats moderately"
"endurance building","shoulder pain","diabetic friendly","millets and vegetables","fast food","3l water","track calorie intake"
"fat loss","hamstring strain","calorie deficit","boiled eggs and spinach","fast food","2.5l water","track calorie intake"
"endurance building","asthma","calorie deficit","banana and peanut butter","sugary drinks","3l water","track calorie intake"
"core stability","plantar fasciitis","high fiber","sweet potato and fish","fast food","3.5l water","eat slowly and mindfully"
"endurance building","arthritis","anti inflammatory","oats and eggs","junk food","4l water","include vegetables in every meal"
"core stability","arthritis","high hydration","banana and peanut butter","deep fried food","3l water","prefer home cooked meals"
"strength building","shin splints","high fiber","tofu and quinoa","excess sugar","3.5l water","track calorie intake"
"heart health","shoulder pain","low carb","avocado toast and eggs","junk food","3l water","prefer home cooked meals"
"muscle gain","shoulder pain","low sodium","millets and vegetables","sugary drinks","2.5l water","reduce processed food intake"
"heart health","diabetes","calorie deficit","protein smoothie and nuts","alcohol","4l water","track calorie intake"
"muscle gain","rotator cuff injury","low carb","tofu and quinoa","soft drinks","3.5l water","eat slowly and mindfully"
"strength building","shoulder pain","calorie surplus","banana and peanut butter","junk food","2.5l water","maintain consistent meal timing"
"calorie burning","high blood pressure","calorie deficit","greek yogurt and berries","alcohol","4l water","maintain consistent meal timing"
"fat loss","hamstring strain","low sodium","sweet potato and fish","excess salt","electrolyte hydration","eat smaller meals frequently"
"strength building","shin splints","anti inflammatory","avocado toast and eggs","excess salt","3l water","consume healthy fats moderately"
"fat loss","lower back pain","balanced diet","grilled chicken and broccoli","excess sugar","4l water","avoid late night eating"
"mobility improvement","plantar fasciitis","low sodium","avocado toast and eggs","fast food","3.5l water","maintain consistent meal timing"
"endurance building","hip pain","low carb","salmon and vegetables","deep fried food","2.5l water","reduce processed food intake"
"strength building","elbow pain","high fiber","brown rice and chicken","junk food","2.5l water","increase protein intake"
"core stability","rotator cuff injury","balanced diet","tofu and quinoa","alcohol","electrolyte hydration","prefer home cooked meals"
"core stability","plantar fasciitis","high hydration","paneer and chapati","soft drinks","2.5l water","avoid late night eating"
"lean muscle","high blood pressure","low sodium","avocado toast and eggs","soft drinks","2.5l water","reduce processed food intake"
"core stability","neck stiffness","diabetic friendly","greek yogurt and berries","fast food","3l water","eat smaller meals frequently"
"endurance building","rotator cuff injury","high protein","oats and eggs","soft drinks","4l water","reduce processed food intake"
"heart health","osteoporosis","calorie deficit","protein smoothie and nuts","excess salt","3l water","eat smaller meals frequently"
"calorie burning","obesity","low carb","oats and eggs","high sodium food","4l water","eat smaller meals frequently"
"core stability","shoulder pain","diabetic friendly","avocado toast and eggs","sugary drinks","2.5l water","prefer home cooked meals"
"muscle gain","rotator cuff injury","calorie surplus","brown rice and chicken","sugary drinks","2.5l water","increase protein intake"
"strength building","neck stiffness","balanced diet","millets and vegetables","alcohol","2.5l water","maintain consistent meal timing"
"mobility improvement","diabetes","high fiber","lentils and rice","fast food","3.5l water","consume healthy fats moderately"
"weight loss","sciatica","balanced diet","chickpeas and salad","alcohol","3l water","consume healthy fats moderately"
"fat loss","plantar fasciitis","calorie surplus","tofu and quinoa","excess salt","4l water","consume healthy fats moderately"
"calorie burning","hamstring strain","calorie surplus","tofu and quinoa","excess sugar","3l water","avoid late night eating"
"calorie burning","wrist pain","calorie surplus","paneer and chapati","junk food","4l water","avoid late night eating"
"core stability","hamstring strain","diabetic friendly","greek yogurt and berries","soft drinks","2.5l water","increase protein intake"
"calorie burning","neck stiffness","high hydration","greek yogurt and berries","soft drinks","3.5l water","track calorie intake"
"strength building","sciatica","high hydration","lentils and rice","high sodium food","4l water","consume healthy fats moderately"
"weight loss","elbow pain","balanced diet","millets and vegetables","alcohol","2.5l water","increase protein intake"
"strength building","hip pain","high fiber","oats and eggs","excess salt","2.5l water","avoid late night eating"
"lean muscle","hip pain","low carb","banana and peanut butter","deep fried food","3l water","avoid late night eating"
"weight loss","plantar fasciitis","high fiber","boiled eggs and spinach","high sodium food","4l water","eat slowly and mindfully"
"lean muscle","carpal tunnel syndrome","calorie surplus","oats and eggs","alcohol","3l water","eat smaller meals frequently"
"heart health","rotator cuff injury","balanced diet","millets and vegetables","soft drinks","electrolyte hydration","eat slowly and mindfully"
"lean muscle","plantar fasciitis","balanced diet","sweet potato and fish","alcohol","2.5l water","avoid late night eating"
"endurance building","shin splints","high fiber","paneer and chapati","deep fried food","3l water","maintain consistent meal timing"
"endurance building","shin splints","anti inflammatory","millets and vegetables","high sodium food","3.5l water","prefer home cooked meals"
"mobility improvement","asthma","low sodium","sweet potato and fish","processed snacks","3.5l water","increase protein intake"
"weight loss","diabetes","balanced diet","sweet potato and fish","processed snacks","2.5l water","avoid late night eating"
"weight loss","neck stiffness","calorie surplus","banana and peanut butter","alcohol","3.5l water","maintain consistent meal timing"
"calorie burning","ankle pain","calorie surplus","salmon and vegetables","sugary drinks","3.5l water","track calorie intake"
"mobility improvement","osteoporosis","high protein","salmon and vegetables","junk food","3l water","reduce processed food intake"
"calorie burning","high blood pressure","calorie surplus","sweet potato and fish","soft drinks","3.5l water","track calorie intake"
"lean muscle","shoulder pain","high fiber","grilled chicken and broccoli","soft drinks","4l water","prefer home cooked meals"
"fat loss","lower back pain","low carb","tofu and quinoa","high sodium food","electrolyte hydration","increase protein intake"
"lean muscle","hip pain","calorie deficit","brown rice and chicken","fast food","3l water","track calorie intake"
"fat loss","osteoporosis","low sodium","boiled eggs and spinach","junk food","3.5l water","track calorie intake"
"endurance building","hamstring strain","anti inflammatory","paneer and chapati","deep fried food","electrolyte hydration","avoid late night eating"
"heart health","ankle pain","balanced diet","grilled chicken and broccoli","soft drinks","2.5l water","track calorie intake"
"endurance building","knee pain","high protein","sweet potato and fish","sugary drinks","3l water","maintain consistent meal timing"
"lean muscle","rotator cuff injury","high protein","salmon and vegetables","high sodium food","electrolyte hydration","avoid late night eating"
"strength building","sciatica","calorie deficit","greek yogurt and berries","deep fried food","electrolyte hydration","consume healthy fats moderately"
"core stability","diabetes","low sodium","oats and eggs","fast food","electrolyte hydration","maintain consistent meal timing"
"endurance building","obesity","balanced diet","lentils and rice","fast food","3.5l water","maintain consistent meal timing"
"endurance building","rotator cuff injury","anti inflammatory","sweet potato and fish","excess salt","3.5l water","increase protein intake"
"strength building","wrist pain","high protein","greek yogurt and berries","excess sugar","electrolyte hydration","track calorie intake"
"weight loss","asthma","low carb","millets and vegetables","high sodium food","electrolyte hydration","consume healthy fats moderately"
"lean muscle","shoulder pain","balanced diet","tofu and quinoa","high sodium food","4l water","eat slowly and mindfully"
"endurance building","osteoporosis","calorie deficit","oats and eggs","high sodium food","4l water","prefer home cooked meals"
"mobility improvement","diabetes","calorie deficit","tofu and quinoa","high sodium food","3l water","eat smaller meals frequently"
"calorie burning","knee pain","high protein","banana and peanut butter","processed snacks","3.5l water","eat slowly and mindfully"
"endurance building","sciatica","diabetic friendly","sweet potato and fish","sugary drinks","4l water","consume healthy fats moderately"
"lean muscle","carpal tunnel syndrome","calorie deficit","paneer and chapati","excess salt","3.5l water","prefer home cooked meals"
"core stability","sciatica","calorie deficit","chickpeas and salad","high sodium food","2.5l water","eat slowly and mindfully"
"strength building","high blood pressure","high protein","grilled chicken and broccoli","junk food","electrolyte hydration","increase protein intake"
"calorie burning","wrist pain","high hydration","lentils and rice","soft drinks","electrolyte hydration","prefer home cooked meals"
"lean muscle","shoulder pain","anti inflammatory","lentils and rice","soft drinks","3.5l water","include vegetables in every meal"
"muscle gain","ankle pain","calorie deficit","lentils and rice","deep fried food","2.5l water","consume healthy fats moderately"
"mobility improvement","elbow pain","anti inflammatory","brown rice and chicken","excess sugar","4l water","consume healthy fats moderately"
"weight loss","obesity","anti inflammatory","lentils and rice","fast food","3.5l water","track calorie intake"
"endurance building","ankle pain","calorie surplus","boiled eggs and spinach","alcohol","4l water","eat smaller meals frequently"
"fat loss","shoulder pain","high hydration","protein smoothie and nuts","soft drinks","electrolyte hydration","maintain consistent meal timing"
"calorie burning","hip pain","high protein","banana and peanut butter","junk food","4l water","avoid late night eating"
"weight loss","hamstring strain","high protein","greek yogurt and berries","sugary drinks","4l water","eat smaller meals frequently"
"muscle gain","ankle pain","diabetic friendly","oats and eggs","fast food","3l water","maintain consistent meal timing"
"weight loss","osteoporosis","low carb","protein smoothie and nuts","alcohol","3.5l water","increase protein intake"
"weight loss","asthma","calorie deficit","chickpeas and salad","fast food","3l water","avoid late night eating"
"heart health","ankle pain","calorie surplus","oats and eggs","alcohol","3.5l water","increase protein intake"
"calorie burning","hamstring strain","high protein","banana and peanut butter","junk food","3.5l water","consume healthy fats moderately"
"calorie burning","hamstring strain","anti inflammatory","salmon and vegetables","fast food","3l water","increase protein intake"
"weight loss","sciatica","low sodium","tofu and quinoa","fast food","electrolyte hydration","increase protein intake"
"fat loss","lower back pain","low carb","grilled chicken and broccoli","fast food","4l water","prefer home cooked meals"
"heart health","knee pain","calorie deficit","sweet potato and fish","excess sugar","3l water","include vegetables in every meal"
"core stability","hip pain","high hydration","salmon and vegetables","junk food","3l water","maintain consistent meal timing"
"endurance building","sciatica","calorie surplus","tofu and quinoa","high sodium food","3.5l water","consume healthy fats moderately"
"muscle gain","obesity","diabetic friendly","lentils and rice","fast food","4l water","maintain consistent meal timing"
"weight loss","high blood pressure","high protein","banana and peanut butter","deep fried food","electrolyte hydration","reduce processed food intake"
"lean muscle","arthritis","high hydration","lentils and rice","junk food","electrolyte hydration","eat slowly and mindfully"
"strength building","hamstring strain","low sodium","boiled eggs and spinach","excess sugar","3.5l water","increase protein intake"
"endurance building","shin splints","low carb","grilled chicken and broccoli","high sodium food","2.5l water","eat slowly and mindfully"
"core stability","hip pain","diabetic friendly","grilled chicken and broccoli","sugary drinks","3l water","maintain consistent meal timing"
"weight loss","plantar fasciitis","diabetic friendly","banana and peanut butter","high sodium food","electrolyte hydration","consume healthy fats moderately"
"fat loss","neck stiffness","low carb","oats and eggs","excess sugar","3l water","track calorie intake"
"lean muscle","plantar fasciitis","low carb","tofu and quinoa","high sodium food","electrolyte hydration","prefer home cooked meals"
"muscle gain","diabetes","low carb","grilled chicken and broccoli","high sodium food","2.5l water","increase protein intake"
"weight loss","elbow pain","balanced diet","salmon and vegetables","deep fried food","3l water","track calorie intake"
"fat loss","hamstring strain","calorie surplus","oats and eggs","excess salt","2.5l water","prefer home cooked meals"
"endurance building","plantar fasciitis","high protein","grilled chicken and broccoli","excess sugar","2.5l water","reduce processed food intake"
"mobility improvement","neck stiffness","high protein","oats and eggs","soft drinks","2.5l water","reduce processed food intake"
"endurance building","shoulder pain","low carb","greek yogurt and berries","alcohol","4l water","reduce processed food intake"
"endurance building","shin splints","calorie surplus","grilled chicken and broccoli","high sodium food","4l water","eat smaller meals frequently"
"mobility improvement","knee pain","high hydration","millets and vegetables","deep fried food","3.5l water","consume healthy fats moderately"
"core stability","ankle pain","low carb","chickpeas and salad","deep fried food","3.5l water","eat slowly and mindfully"
"weight loss","shoulder pain","high fiber","greek yogurt and berries","junk food","3.5l water","include vegetables in every meal"
"heart health","ankle pain","calorie deficit","oats and eggs","alcohol","3l water","reduce processed food intake"
"endurance building","obesity","high protein","paneer and chapati","junk food","3.5l water","track calorie intake"
"fat loss","osteoporosis","high hydration","greek yogurt and berries","fast food","3.5l water","include vegetables in every meal"
"lean muscle","hamstring strain","diabetic friendly","banana and peanut butter","processed snacks","4l water","include vegetables in every meal"
"fat loss","ankle pain","calorie surplus","brown rice and chicken","sugary drinks","3.5l water","prefer home cooked meals"
"calorie burning","wrist pain","low sodium","brown rice and chicken","sugary drinks","electrolyte hydration","reduce processed food intake"
"muscle gain","carpal tunnel syndrome","high hydration","oats and eggs","processed snacks","3.5l water","include vegetables in every meal"
"strength building","arthritis","low sodium","salmon and vegetables","deep fried food","3.5l water","reduce processed food intake"
"strength building","hip pain","high protein","avocado toast and eggs","deep fried food","3l water","eat slowly and mindfully"
"lean muscle","arthritis","calorie surplus","boiled eggs and spinach","deep fried food","electrolyte hydration","avoid late night eating"
"calorie burning","rotator cuff injury","low carb","tofu and quinoa","excess salt","3l water","maintain consistent meal timing"
"fat loss","high blood pressure","high protein","greek yogurt and berries","sugary drinks","4l water","prefer home cooked meals"
"weight loss","neck stiffness","calorie deficit","salmon and vegetables","high sodium food","3.5l water","reduce processed food intake"
"muscle gain","neck stiffness","anti inflammatory","greek yogurt and berries","excess salt","3l water","eat slowly and mindfully"
"mobility improvement","arthritis","high hydration","grilled chicken and broccoli","deep fried food","electrolyte hydration","increase protein intake"
"muscle gain","knee pain","high fiber","greek yogurt and berries","processed snacks","3.5l water","increase protein intake"
"weight loss","wrist pain","low carb","boiled eggs and spinach","excess salt","2.5l water","avoid late night eating"
"mobility improvement","osteoporosis","anti inflammatory","chickpeas and salad","excess salt","2.5l water","include vegetables in every meal"
"endurance building","neck stiffness","low sodium","sweet potato and fish","high sodium food","3.5l water","reduce processed food intake"
"lean muscle","high blood pressure","low carb","paneer and chapati","junk food","3.5l water","prefer home cooked meals"
"fat loss","hamstring strain","diabetic friendly","chickpeas and salad","junk food","3.5l water","eat slowly and mindfully"
"calorie burning","elbow pain","high hydration","tofu and quinoa","excess salt","4l water","maintain consistent meal timing"
"heart health","lower back pain","anti inflammatory","boiled eggs and spinach","sugary drinks","2.5l water","maintain consistent meal timing"
"core stability","arthritis","balanced diet","millets and vegetables","excess salt","4l water","eat smaller meals frequently"
"heart health","osteoporosis","calorie surplus","avocado toast and eggs","fast food","4l water","consume healthy fats moderately"
"mobility improvement","knee pain","balanced diet","tofu and quinoa","sugary drinks","3.5l water","reduce processed food intake"
"endurance building","shoulder pain","high fiber","millets and vegetables","deep fried food","3l water","avoid late night eating"
"endurance building","wrist pain","diabetic friendly","tofu and quinoa","fast food","2.5l water","avoid late night eating"
"core stability","carpal tunnel syndrome","balanced diet","sweet potato and fish","junk food","4l water","eat smaller meals frequently"
"endurance building","carpal tunnel syndrome","low sodium","millets and vegetables","processed snacks","electrolyte hydration","reduce processed food intake"
"heart health","plantar fasciitis","high fiber","chickpeas and salad","deep fried food","electrolyte hydration","eat slowly and mindfully"
"mobility improvement","hamstring strain","diabetic friendly","brown rice and chicken","excess sugar","2.5l water","reduce processed food intake"
"heart health","obesity","high protein","banana and peanut butter","deep fried food","electrolyte hydration","include vegetables in every meal"
"endurance building","knee pain","high hydration","avocado toast and eggs","excess sugar","electrolyte hydration","consume healthy fats moderately"
"lean muscle","hip pain","high fiber","greek yogurt and berries","excess salt","2.5l water","reduce processed food intake"
"core stability","knee pain","calorie deficit","paneer and chapati","fast food","electrolyte hydration","eat slowly and mindfully"
"weight loss","neck stiffness","low carb","greek yogurt and berries","soft drinks","3l water","maintain consistent meal timing"
"weight loss","ankle pain","diabetic friendly","grilled chicken and broccoli","soft drinks","electrolyte hydration","prefer home cooked meals"
"lean muscle","shoulder pain","diabetic friendly","banana and peanut butter","processed snacks","3l water","reduce processed food intake"
"weight loss","wrist pain","high hydration","banana and peanut butter","deep fried food","3.5l water","reduce processed food intake"
"strength building","sciatica","calorie deficit","banana and peanut butter","sugary drinks","4l water","eat smaller meals frequently"
"endurance building","sciatica","high hydration","tofu and quinoa","soft drinks","4l water","include vegetables in every meal"
"heart health","carpal tunnel syndrome","low sodium","banana and peanut butter","alcohol","electrolyte hydration","eat slowly and mindfully"
"fat loss","elbow pain","diabetic friendly","grilled chicken and broccoli","excess sugar","electrolyte hydration","track calorie intake"
"fat loss","shoulder pain","low sodium","paneer and chapati","fast food","2.5l water","consume healthy fats moderately"
"mobility improvement","obesity","balanced diet","lentils and rice","soft drinks","4l water","reduce processed food intake"
"endurance building","neck stiffness","calorie surplus","millets and vegetables","excess sugar","3l water","increase protein intake"
"weight loss","osteoporosis","balanced diet","chickpeas and salad","processed snacks","3l water","avoid late night eating"
"mobility improvement","asthma","high fiber","boiled eggs and spinach","excess salt","3.5l water","track calorie intake"
"lean muscle","high blood pressure","high protein","salmon and vegetables","junk food","2.5l water","avoid late night eating"
"weight loss","hip pain","balanced diet","salmon and vegetables","processed snacks","4l water","increase protein intake"
"core stability","shoulder pain","low sodium","sweet potato and fish","excess salt","electrolyte hydration","include vegetables in every meal"
"muscle gain","hamstring strain","high hydration","chickpeas and salad","excess salt","electrolyte hydration","consume healthy fats moderately"
"endurance building","knee pain","low sodium","oats and eggs","fast food","2.5l water","prefer home cooked meals"
"weight loss","sciatica","anti inflammatory","salmon and vegetables","sugary drinks","4l water","eat smaller meals frequently"
"lean muscle","diabetes","calorie surplus","tofu and quinoa","junk food","2.5l water","maintain consistent meal timing"
"strength building","elbow pain","balanced diet","grilled chicken and broccoli","deep fried food","4l water","consume healthy fats moderately"
"mobility improvement","hip pain","high protein","sweet potato and fish","soft drinks","3l water","maintain consistent meal timing"
"mobility improvement","asthma","diabetic friendly","avocado toast and eggs","excess salt","3l water","maintain consistent meal timing"
"endurance building","lower back pain","low sodium","chickpeas and salad","excess sugar","4l water","reduce processed food intake"
"lean muscle","osteoporosis","low sodium","boiled eggs and spinach","fast food","2.5l water","consume healthy fats moderately"
"strength building","elbow pain","calorie deficit","salmon and vegetables","soft drinks","3l water","avoid late night eating"
"heart health","obesity","anti inflammatory","chickpeas and salad","soft drinks","3.5l water","eat smaller meals frequently"
"mobility improvement","hip pain","high hydration","banana and peanut butter","processed snacks","3.5l water","reduce processed food intake"
"muscle gain","carpal tunnel syndrome","diabetic friendly","protein smoothie and nuts","processed snacks","2.5l water","include vegetables in every meal"
"endurance building","ankle pain","high fiber","millets and vegetables","deep fried food","2.5l water","reduce processed food intake"
"muscle gain","obesity","calorie deficit","oats and eggs","excess sugar","2.5l water","include vegetables in every meal"
"fat loss","hip pain","calorie deficit","boiled eggs and spinach","high sodium food","3l water","increase protein intake"
"mobility improvement","hamstring strain","low carb","greek yogurt and berries","alcohol","3.5l water","prefer home cooked meals"
"endurance building","neck stiffness","anti inflammatory","brown rice and chicken","excess sugar","electrolyte hydration","consume healthy fats moderately"
"heart health","knee pain","low sodium","tofu and quinoa","processed snacks","3.5l water","track calorie intake"
"mobility improvement","osteoporosis","high fiber","sweet potato and fish","deep fried food","3.5l water","eat smaller meals frequently"
"muscle gain","asthma","balanced diet","sweet potato and fish","soft drinks","4l water","increase protein intake"
"lean muscle","elbow pain","high protein","chickpeas and salad","junk food","2.5l water","avoid late night eating"
"fat loss","shin splints","calorie surplus","salmon and vegetables","high sodium food","electrolyte hydration","prefer home cooked meals"
"muscle gain","asthma","low sodium","chickpeas and salad","processed snacks","2.5l water","maintain consistent meal timing"
"fat loss","knee pain","low sodium","grilled chicken and broccoli","junk food","2.5l water","eat smaller meals frequently"
"fat loss","carpal tunnel syndrome","high fiber","salmon and vegetables","deep fried food","3.5l water","include vegetables in every meal"
"strength building","neck stiffness","balanced diet","greek yogurt and berries","soft drinks","2.5l water","consume healthy fats moderately"
"endurance building","wrist pain","anti inflammatory","avocado toast and eggs","deep fried food","3.5l water","prefer home cooked meals"
"core stability","carpal tunnel syndrome","diabetic friendly","chickpeas and salad","sugary drinks","3l water","track calorie intake"
"lean muscle","neck stiffness","balanced diet","paneer and chapati","excess salt","3l water","increase protein intake"
"mobility improvement","carpal tunnel syndrome","high hydration","protein smoothie and nuts","sugary drinks","3.5l water","increase protein intake"
"calorie burning","hip pain","calorie deficit","salmon and vegetables","fast food","4l water","reduce processed food intake"
"fat loss","obesity","diabetic friendly","paneer and chapati","soft drinks","electrolyte hydration","eat smaller meals frequently"
"strength building","wrist pain","low sodium","lentils and rice","excess salt","3.5l water","include vegetables in every meal"
"calorie burning","lower back pain","anti inflammatory","oats and eggs","alcohol","4l water","eat smaller meals frequently"
"heart health","plantar fasciitis","balanced diet","protein smoothie and nuts","alcohol","electrolyte hydration","consume healthy fats moderately"
"core stability","neck stiffness","high hydration","millets and vegetables","excess sugar","3l water","include vegetables in every meal"
"core stability","osteoporosis","high fiber","avocado toast and eggs","junk food","3l water","reduce processed food intake"
"lean muscle","obesity","calorie deficit","millets and vegetables","junk food","4l water","include vegetables in every meal"
"lean muscle","shoulder pain","low carb","greek yogurt and berries","processed snacks","3.5l water","eat smaller meals frequently"
"muscle gain","arthritis","calorie surplus","boiled eggs and spinach","deep fried food","2.5l water","track calorie intake"
"heart health","hamstring strain","anti inflammatory","sweet potato and fish","excess salt","3.5l water","eat slowly and mindfully"
"heart health","shin splints","diabetic friendly","salmon and vegetables","excess salt","electrolyte hydration","eat smaller meals frequently"
"endurance building","lower back pain","anti inflammatory","banana and peanut butter","excess salt","electrolyte hydration","maintain consistent meal timing"
"mobility improvement","elbow pain","calorie surplus","oats and eggs","deep fried food","3.5l water","prefer home cooked meals"
"endurance building","plantar fasciitis","high protein","boiled eggs and spinach","deep fried food","4l water","eat slowly and mindfully"
"core stability","hip pain","diabetic friendly","banana and peanut butter","fast food","2.5l water","consume healthy fats moderately"
"endurance building","sciatica","anti inflammatory","paneer and chapati","fast food","4l water","prefer home cooked meals"
"mobility improvement","sciatica","balanced diet","brown rice and chicken","soft drinks","4l water","maintain consistent meal timing"
"calorie burning","shin splints","balanced diet","chickpeas and salad","deep fried food","electrolyte hydration","increase protein intake"
"endurance building","plantar fasciitis","low sodium","chickpeas and salad","deep fried food","3.5l water","maintain consistent meal timing"
"weight loss","hip pain","diabetic friendly","oats and eggs","excess sugar","3l water","eat smaller meals frequently"
"heart health","shin splints","low sodium","millets and vegetables","processed snacks","3l water","increase protein intake"
"mobility improvement","sciatica","balanced diet","brown rice and chicken","soft drinks","3.5l water","avoid late night eating"
"weight loss","shoulder pain","high hydration","grilled chicken and broccoli","junk food","3.5l water","consume healthy fats moderately"
"mobility improvement","rotator cuff injury","balanced diet","paneer and chapati","junk food","4l water","consume healthy fats moderately"
"core stability","shoulder pain","low carb","boiled eggs and spinach","deep fried food","3l water","increase protein intake"
"calorie burning","ankle pain","high protein","lentils and rice","junk food","3.5l water","track calorie intake"
"endurance building","elbow pain","balanced diet","avocado toast and eggs","excess sugar","4l water","prefer home cooked meals"
"calorie burning","hip pain","balanced diet","brown rice and chicken","deep fried food","3l water","increase protein intake"
"fat loss","asthma","high protein","avocado toast and eggs","fast food","electrolyte hydration","increase protein intake"
"strength building","wrist pain","diabetic friendly","salmon and vegetables","deep fried food","3.5l water","reduce processed food intake"
"lean muscle","carpal tunnel syndrome","diabetic friendly","chickpeas and salad","deep fried food","2.5l water","avoid late night eating"
"heart health","knee pain","low carb","lentils and rice","deep fried food","electrolyte hydration","eat smaller meals frequently"
"core stability","diabetes","calorie deficit","greek yogurt and berries","soft drinks","3.5l water","track calorie intake"
"heart health","neck stiffness","balanced diet","boiled eggs and spinach","sugary drinks","3l water","reduce processed food intake"
"mobility improvement","asthma","calorie deficit","avocado toast and eggs","excess sugar","3l water","avoid late night eating"
"strength building","carpal tunnel syndrome","diabetic friendly","protein smoothie and nuts","sugary drinks","4l water","prefer home cooked meals"
"weight loss","obesity","balanced diet","millets and vegetables","excess salt","2.5l water","eat slowly and mindfully"
"heart health","hip pain","high fiber","boiled eggs and spinach","alcohol","4l water","eat slowly and mindfully"
"mobility improvement","shin splints","calorie surplus","banana and peanut butter","excess salt","2.5l water","eat smaller meals frequently"
"heart health","sciatica","diabetic friendly","chickpeas and salad","junk food","3.5l water","eat slowly and mindfully"
"muscle gain","arthritis","calorie surplus","boiled eggs and spinach","high sodium food","electrolyte hydration","include vegetables in every meal"
"fat loss","wrist pain","high hydration","chickpeas and salad","deep fried food","3.5l water","include vegetables in every meal"
"strength building","arthritis","balanced diet","avocado toast and eggs","sugary drinks","electrolyte hydration","consume healthy fats moderately"
"strength building","shoulder pain","calorie deficit","boiled eggs and spinach","deep fried food","2.5l water","reduce processed food intake"
"strength building","osteoporosis","diabetic friendly","avocado toast and eggs","fast food","3.5l water","include vegetables in every meal"
"strength building","knee pain","anti inflammatory","banana and peanut butter","soft drinks","electrolyte hydration","consume healthy fats moderately"
"endurance building","hip pain","high protein","salmon and vegetables","soft drinks","3l water","maintain consistent meal timing"
"lean muscle","osteoporosis","anti inflammatory","paneer and chapati","sugary drinks","3.5l water","eat slowly and mindfully"
"muscle gain","wrist pain","calorie deficit","boiled eggs and spinach","sugary drinks","electrolyte hydration","prefer home cooked meals"
"lean muscle","ankle pain","low sodium","sweet potato and fish","high sodium food","4l water","eat slowly and mindfully"
"fat loss","high blood pressure","diabetic friendly","oats and eggs","excess sugar","3.5l water","include vegetables in every meal"
"muscle gain","hamstring strain","balanced diet","millets and vegetables","high sodium food","2.5l water","increase protein intake"
"endurance building","lower back pain","diabetic friendly","avocado toast and eggs","fast food","electrolyte hydration","eat slowly and mindfully"
"fat loss","arthritis","anti inflammatory","oats and eggs","high sodium food","3l water","reduce processed food intake"
"strength building","neck stiffness","high fiber","lentils and rice","excess salt","2.5l water","reduce processed food intake"
"lean muscle","shoulder pain","high protein","sweet potato and fish","excess sugar","4l water","include vegetables in every meal"
"calorie burning","osteoporosis","anti inflammatory","tofu and quinoa","deep fried food","4l water","avoid late night eating"
"endurance building","shin splints","high fiber","tofu and quinoa","high sodium food","4l water","increase protein intake"
"calorie burning","arthritis","high hydration","salmon and vegetables","fast food","3.5l water","consume healthy fats moderately"
"calorie burning","lower back pain","calorie surplus","paneer and chapati","high sodium food","electrolyte hydration","increase protein intake"
"strength building","rotator cuff injury","anti inflammatory","paneer and chapati","soft drinks","4l water","include vegetables in every meal"
"endurance building","hip pain","high protein","lentils and rice","soft drinks","electrolyte hydration","include vegetables in every meal"
"mobility improvement","elbow pain","low carb","lentils and rice","sugary drinks","3.5l water","eat smaller meals frequently"
"strength building","ankle pain","high hydration","grilled chicken and broccoli","excess salt","3.5l water","include vegetables in every meal"
"muscle gain","knee pain","low carb","sweet potato and fish","soft drinks","electrolyte hydration","include vegetables in every meal"
"fat loss","high blood pressure","high protein","paneer and chapati","deep fried food","2.5l water","prefer home cooked meals"
"muscle gain","arthritis","diabetic friendly","grilled chicken and broccoli","excess sugar","electrolyte hydration","include vegetables in every meal"
"core stability","sciatica","balanced diet","tofu and quinoa","junk food","2.5l water","prefer home cooked meals"
"strength building","osteoporosis","calorie surplus","salmon and vegetables","fast food","3.5l water","eat smaller meals frequently"
"endurance building","knee pain","anti inflammatory","grilled chicken and broccoli","high sodium food","4l water","avoid late night eating"
"mobility improvement","lower back pain","high hydration","brown rice and chicken","soft drinks","2.5l water","increase protein intake"
"weight loss","osteoporosis","balanced diet","avocado toast and eggs","soft drinks","electrolyte hydration","avoid late night eating"
"calorie burning","lower back pain","high fiber","chickpeas and salad","junk food","3.5l water","track calorie intake"
"weight loss","knee pain","balanced diet","brown rice and chicken","deep fried food","3l water","reduce processed food intake"
"weight loss","osteoporosis","low carb","millets and vegetables","junk food","3l water","increase protein intake"
"weight loss","diabetes","high protein","greek yogurt and berries","deep fried food","3l water","consume healthy fats moderately"
"core stability","high blood pressure","low sodium","chickpeas and salad","excess salt","2.5l water","increase protein intake"
"fat loss","hamstring strain","high fiber","paneer and chapati","sugary drinks","3.5l water","include vegetables in every meal"
"lean muscle","osteoporosis","calorie deficit","brown rice and chicken","sugary drinks","2.5l water","track calorie intake"
"heart health","ankle pain","low sodium","lentils and rice","alcohol","electrolyte hydration","reduce processed food intake"
"strength building","carpal tunnel syndrome","low carb","lentils and rice","junk food","4l water","reduce processed food intake"
"core stability","neck stiffness","high protein","lentils and rice","fast food","electrolyte hydration","prefer home cooked meals"
"weight loss","rotator cuff injury","low sodium","salmon and vegetables","sugary drinks","electrolyte hydration","eat slowly and mindfully"
"heart health","sciatica","low sodium","chickpeas and salad","alcohol","3.5l water","consume healthy fats moderately"
"fat loss","high blood pressure","anti inflammatory","salmon and vegetables","alcohol","2.5l water","include vegetables in every meal"
"muscle gain","carpal tunnel syndrome","high hydration","paneer and chapati","excess salt","4l water","increase protein intake"
"calorie burning","sciatica","calorie surplus","grilled chicken and broccoli","processed snacks","4l water","eat smaller meals frequently"
"mobility improvement","asthma","low carb","paneer and chapati","excess sugar","3.5l water","avoid late night eating"
"calorie burning","osteoporosis","balanced diet","sweet potato and fish","alcohol","2.5l water","maintain consistent meal timing"
"endurance building","shin splints","calorie surplus","boiled eggs and spinach","excess salt","electrolyte hydration","reduce processed food intake"
"strength building","wrist pain","balanced diet","salmon and vegetables","fast food","4l water","increase protein intake"
"core stability","rotator cuff injury","calorie deficit","lentils and rice","sugary drinks","electrolyte hydration","maintain consistent meal timing"
"lean muscle","elbow pain","diabetic friendly","boiled eggs and spinach","fast food","3.5l water","track calorie intake"
"heart health","knee pain","anti inflammatory","boiled eggs and spinach","excess salt","electrolyte hydration","eat smaller meals frequently"
"calorie burning","knee pain","high fiber","chickpeas and salad","soft drinks","4l water","reduce processed food intake"
"core stability","neck stiffness","high hydration","paneer and chapati","alcohol","2.5l water","eat slowly and mindfully"
"weight loss","plantar fasciitis","calorie deficit","lentils and rice","excess sugar","3l water","prefer home cooked meals"
"calorie burning","obesity","diabetic friendly","protein smoothie and nuts","soft drinks","electrolyte hydration","prefer home cooked meals"
"muscle gain","shoulder pain","anti inflammatory","millets and vegetables","alcohol","4l water","prefer home cooked meals"
"core stability","lower back pain","low carb","protein smoothie and nuts","soft drinks","2.5l water","consume healthy fats moderately"
"heart health","high blood pressure","high fiber","boiled eggs and spinach","fast food","4l water","eat slowly and mindfully"
"weight loss","rotator cuff injury","calorie deficit","brown rice and chicken","deep fried food","electrolyte hydration","maintain consistent meal timing"
"heart health","shoulder pain","high protein","protein smoothie and nuts","excess sugar","electrolyte hydration","increase protein intake"
"endurance building","neck stiffness","high fiber","salmon and vegetables","processed snacks","3l water","increase protein intake"
"lean muscle","elbow pain","balanced diet","banana and peanut butter","fast food","electrolyte hydration","prefer home cooked meals"
"weight loss","arthritis","anti inflammatory","chickpeas and salad","excess sugar","electrolyte hydration","avoid late night eating"
"lean muscle","hamstring strain","low carb","salmon and vegetables","excess sugar","electrolyte hydration","include vegetables in every meal"
"fat loss","rotator cuff injury","calorie surplus","chickpeas and salad","fast food","2.5l water","maintain consistent meal timing"
"weight loss","diabetes","low sodium","oats and eggs","soft drinks","electrolyte hydration","eat smaller meals frequently"
"mobility improvement","hip pain","diabetic friendly","lentils and rice","excess salt","3.5l water","include vegetables in every meal"
"heart health","rotator cuff injury","high hydration","brown rice and chicken","high sodium food","4l water","consume healthy fats moderately"
"calorie burning","lower back pain","high hydration","greek yogurt and berries","excess salt","3.5l water","eat smaller meals frequently"
"calorie burning","shoulder pain","calorie deficit","lentils and rice","deep fried food","3.5l water","increase protein intake"
"muscle gain","arthritis","calorie surplus","tofu and quinoa","alcohol","electrolyte hydration","include vegetables in every meal"
"fat loss","diabetes","high fiber","lentils and rice","alcohol","3.5l water","eat smaller meals frequently"
"heart health","sciatica","calorie surplus","banana and peanut butter","sugary drinks","3.5l water","eat smaller meals frequently"
"heart health","elbow pain","diabetic friendly","lentils and rice","junk food","3l water","maintain consistent meal timing"
"endurance building","ankle pain","low sodium","avocado toast and eggs","deep fried food","electrolyte hydration","include vegetables in every meal"
"endurance building","hip pain","balanced diet","tofu and quinoa","deep fried food","electrolyte hydration","reduce processed food intake"
"endurance building","arthritis","diabetic friendly","boiled eggs and spinach","soft drinks","3l water","increase protein intake"
"core stability","ankle pain","anti inflammatory","grilled chicken and broccoli","excess salt","2.5l water","prefer home cooked meals"
"muscle gain","sciatica","high hydration","salmon and vegetables","deep fried food","2.5l water","include vegetables in every meal"
"lean muscle","osteoporosis","diabetic friendly","lentils and rice","sugary drinks","3l water","increase protein intake"
"core stability","elbow pain","high fiber","oats and eggs","junk food","2.5l water","include vegetables in every meal"
"muscle gain","plantar fasciitis","high hydration","brown rice and chicken","junk food","electrolyte hydration","maintain consistent meal timing"
"heart health","hamstring strain","calorie surplus","greek yogurt and berries","sugary drinks","3.5l water","eat slowly and mindfully"
"muscle gain","hamstring strain","calorie deficit","chickpeas and salad","alcohol","4l water","reduce processed food intake"
"weight loss","diabetes","high hydration","sweet potato and fish","excess salt","electrolyte hydration","maintain consistent meal timing"
"strength building","hip pain","low sodium","salmon and vegetables","excess sugar","electrolyte hydration","increase protein intake"
"muscle gain","ankle pain","diabetic friendly","brown rice and chicken","junk food","3.5l water","track calorie intake"
"core stability","carpal tunnel syndrome","low carb","chickpeas and salad","junk food","3.5l water","increase protein intake"
"muscle gain","high blood pressure","calorie deficit","millets and vegetables","junk food","2.5l water","eat smaller meals frequently"
"strength building","rotator cuff injury","calorie deficit","greek yogurt and berries","high sodium food","3.5l water","maintain consistent meal timing"
"strength building","arthritis","diabetic friendly","brown rice and chicken","junk food","3.5l water","eat smaller meals frequently"
"muscle gain","osteoporosis","calorie deficit","banana and peanut butter","processed snacks","3.5l water","increase protein intake"
"muscle gain","plantar fasciitis","high hydration","avocado toast and eggs","junk food","2.5l water","consume healthy fats moderately"
"endurance building","asthma","diabetic friendly","oats and eggs","fast food","electrolyte hydration","increase protein intake"
"strength building","diabetes","high protein","grilled chicken and broccoli","junk food","2.5l water","include vegetables in every meal"
"fat loss","carpal tunnel syndrome","high hydration","avocado toast and eggs","excess sugar","3l water","increase protein intake"
"fat loss","hamstring strain","low carb","oats and eggs","high sodium food","3.5l water","avoid late night eating"
"strength building","high blood pressure","balanced diet","grilled chicken and broccoli","fast food","3l water","prefer home cooked meals"
"heart health","knee pain","low carb","tofu and quinoa","deep fried food","3l water","eat slowly and mindfully"
"strength building","high blood pressure","calorie surplus","protein smoothie and nuts","sugary drinks","4l water","track calorie intake"
"endurance building","carpal tunnel syndrome","high hydration","salmon and vegetables","fast food","electrolyte hydration","reduce processed food intake"
"fat loss","rotator cuff injury","calorie surplus","protein smoothie and nuts","deep fried food","3l water","avoid late night eating"
"heart health","rotator cuff injury","balanced diet","avocado toast and eggs","soft drinks","4l water","track calorie intake"
"weight loss","lower back pain","diabetic friendly","sweet potato and fish","alcohol","4l water","reduce processed food intake"
"mobility improvement","rotator cuff injury","anti inflammatory","banana and peanut butter","sugary drinks","4l water","eat slowly and mindfully"
"mobility improvement","elbow pain","anti inflammatory","boiled eggs and spinach","excess salt","3.5l water","eat smaller meals frequently"
"calorie burning","sciatica","high fiber","sweet potato and fish","sugary drinks","3.5l water","track calorie intake"
"strength building","hip pain","high fiber","lentils and rice","fast food","4l water","eat smaller meals frequently"
"weight loss","high blood pressure","calorie surplus","paneer and chapati","sugary drinks","2.5l water","consume healthy fats moderately"
"endurance building","ankle pain","calorie deficit","protein smoothie and nuts","fast food","electrolyte hydration","reduce processed food intake"
"core stability","arthritis","high protein","millets and vegetables","excess sugar","3.5l water","avoid late night eating"
"weight loss","knee pain","low carb","greek yogurt and berries","alcohol","3.5l water","consume healthy fats moderately"
"mobility improvement","arthritis","high fiber","millets and vegetables","deep fried food","2.5l water","include vegetables in every meal"
"core stability","shin splints","balanced diet","paneer and chapati","processed snacks","3l water","eat smaller meals frequently"
